{
  "feature_cols": [
    "borough",
    "complaints_count",
    "complaints_lag_1w",
    "complaints_lag_4w",
    "complaints_lag_12w",
    "rest_pest_violations_count",
    "permits_active_count",
    "demolitions_count",
    "weather_tavg_c",
    "weather_prcp_mm",
    "weather_hdd",
    "weather_cdd",
    "units_total",
    "year_built_median",
    "landuse_residential_pct",
    "landuse_commercial_pct",
    "neighbor_active_rat_signs_rate_lag_1w",
    "neighbor_complaints_count_lag_4w",
    "regime_covid",
    "regime_8pm_setout",
    "regime_commercial_containerization",
    "regime_residential_containerization",
    "regime_rmz_active"
  ],
  "cv_pr_auc_mean": 0.8071326364782474,
  "cv_pr_auc_std": 0.024926750972942256,
  "test_metrics": {
    "pr_auc": 0.794734442778363,
    "roc_auc": 0.7555780406807804,
    "brier": 0.20700896878471808,
    "top_decile_lift": 1.5272727272727273
  },
  "top_shap_features": {
    "year_built_median": 0.3902564095284717,
    "borough": 0.38692335069309325,
    "units_total": 0.33397728580668934,
    "complaints_count": 0.16906269375718844,
    "neighbor_active_rat_signs_rate_lag_1w": 0.16563305554285482,
    "complaints_lag_1w": 0.1392324283810154,
    "complaints_lag_4w": 0.13525120407399815,
    "neighbor_complaints_count_lag_4w": 0.11596095309948763,
    "weather_hdd": 0.06841771130869563,
    "permits_active_count": 0.06580931077985597,
    "complaints_lag_12w": 0.053314708714263324,
    "weather_cdd": 0.04952718974473363,
    "weather_prcp_mm": 0.04421571799750554,
    "weather_tavg_c": 0.03435386415281988,
    "regime_commercial_containerization": 0.026171580349991497,
    "regime_residential_containerization": 0.0204659979954453,
    "rest_pest_violations_count": 0.014658191241894556,
    "demolitions_count": 0.0,
    "landuse_residential_pct": 0.0,
    "landuse_commercial_pct": 0.0
  },
  "model_name": "catboost",
  "saved_at": "2026-06-05T18-42-14"
}